manager,profile,name,email,job,User Registration State,User Joining Date,User Deletion Date,,,Instructions
ROOT,Admin,User1,primeconnector+user35@gmail.com,Administaror,ACTIVE,2013-01-01T10:12:11.110Z,,,,"Before import,replace 'admin@xyz.com' with the actual email-id of the Prime admin for this account"
user3@xyz.com,Engineering,User2,user2@xyz.com,Developer,DELETED,2012-10-12T10:12:11.110Z,2016-10-12T10:12:11.110Z,,,
ROOT,Sales,User3,user3@xyz.com,Sales manager,ACTIVE,2009-01-01T10:12:11.110Z,,,,
user3@xyz.com,Marketing,User4,user4@xyz.com,Sr. marketing manager,ACTIVE,2009-01-01T10:12:11.110Z,,,,
user3@xyz.com,Support,User5,user5@xyz.com,Tech support engineer,ACTIVE,2009-01-01T10:12:11.110Z,,,,
