id,moduleType,lastModifiedDate,visibility,title,description,author
501,Self-paced,2024-10-28T09:56:21.123Z,Shared,Introduction to Java,Deep Dive in Core Java programming,Author1@xyz.com
502,Self-paced,2024-10-28T09:56:21.123Z,Shared,Principles of Object-Oriented Programming,Deep Dive in 4 pillars of OOP,Author2
503,Self-paced,2024-10-28T09:56:21.123Z,Shared,Exception Handling,Explore handling of checked and unchecked exceptions,user3@xyz.com
504,Self-paced,2024-10-28T09:56:21.123Z,Shared,Multithreading,"Deep Dive in threads, synchronisation, inter-thread communication",user4@xyz.com
505,Self-paced,2024-10-28T09:56:21.123Z,Shared,JDBC using SQLite,"Explore DDL, DML",Author4
506,Self-paced,2024-07-30T09:56:21.123Z,Shared,HTML5 content,HTML5 basics,Author1@xyz.com