id,badgeName,badgeCreationDate,lastModifiedDate,state,imageUrl
1,B1,2016-10-12T10:12:11.110Z,,Active,badge1.png
2,B2,2016-10-12T10:12:11.110Z,2016-10-12T10:12:11.110Z,Active,badge3.jpg
3,B3,2016-10-12T10:12:11.110Z,2016-10-12T10:12:11.110Z,Retired,badge10.BMP
4,B4,2016-10-12T10:12:11.110Z,2016-10-12T10:12:11.110Z,Active,badge11.JFIF
5,B5,2016-10-12T10:12:11.110Z,2016-10-12T10:12:11.110Z,Active,badgeX.GIF
6,B6,2016-10-12T10:12:11.110Z,2016-10-12T10:12:11.110Z,Retired,SvgTest.SVG
7,B7,2016-10-12T10:12:11.110Z,2016-10-12T10:12:11.110Z,Active,TiffTest.TIFF
8,B8,2016-10-12T10:12:11.110Z,2016-10-12T10:12:11.110Z,Active,https://static.pexels.com/photos/36753/flower-purple-lical-blosso.jpg
