moduleId,moduleVersion,contentType,dateCreated,duration,desiredDuration,contentUrl,hasQuiz
303,1,AICC,2017-02-17T09:56:21.123Z,15,50,Prime.zip,TRUE
304,1,VIDEO,2017-02-17T09:56:21.123Z,20,20,Account.mp4,
305,1,PDF,2017-02-17T09:56:21.123Z,15,30,Captivate.pdf,TRUE
306,1,SCORM12,2017-02-17T09:56:21.123Z,15,10,Prime/Primequiz.zip,TRUE
309,1,OFFLINE,2017-02-17T09:56:21.123Z,30,15,,TRUE
310,1,OFFLINE,2017-02-17T09:56:21.123Z,25,10,,TRUE
311,1,HYPERLINK,2017-02-17T09:56:21.123Z,25,10,https://helpx.adobe.com/captivate/using/publish-project-to-captivate-prime.html,TRUE
304,2,VIDEO,2017-02-17T09:56:21.123Z,20,20,Account_new.mp4,TRUE
312,1,AUDIO,2010-10-12T10:12:11.110Z,15,10,Sample.mp3,TRUE
