id,certificateName,certificateOverview,description,certificationCreationDate,daysToComplete,validity,externalCertificate,courseOrdering,completionLimit,publishedDate,parentCertificationId,badgeId,thumbnailUrl,uniqueLoId
2,Published root certification,Published root certification overview,Published root certification decs,2017-08-17T08:56:21.000Z,30,20,FALSE,,,2017-08-17T08:56:21.000Z,,,badge1.png,CertificateUUID901
3,Published with 2 childs,Published with 2 childs overview,Published with 2 childs desc,2017-08-17T08:56:21.000Z,30,10,FALSE,,,2017-08-17T08:56:21.000Z,,5,badge3.jpg,CertificateUUID902
4,Child 1 of 3,Child 1 of 3 overview,,2017-08-17T08:56:21.000Z,30,11,FALSE,,,2018-08-17T08:56:21.000Z,3,6,badge11.JFIF,CertificateUUID903
5,child 2 of 3,child 2 of 3 overview,,2017-08-17T08:56:21.000Z,30,12,FALSE,,,2018-08-17T08:56:21.000Z,4,7,http://www.petsworld.in/blog/wp-content/uploads/2014/09/adorable-cat.jpg,CertificateUUID904
6,Perpetual certificate,Perpetual certificate overview,,2017-08-17T08:56:21.000Z,30,,,,,2017-08-17T08:56:21.000Z,,4,badge10.BMP,CertificateUUID905
