id,name,overview,orderEnforced,state,dateAdded,benefits,completionLimit,thumbnailUrl,uniqueLoId
1,demo LP 1,demo LP 1,TRUE,Published,2016-08-17T08:56:21.000Z,This have some benefit,2,badge1.png,LPUUID801
2,demo LP 2,demo LP 2,TRUE,Published,2017-08-17T08:56:21.000Z,,,badge3.jpg,LPUUID802
3,demo LP 3,demo LP 3,TRUE,Retired,2017-08-17T08:56:21.000Z,this is benefit added,1,badge11.JFIF,LPUUID803
4,demo LP 4,demo LP 4,FALSE,Published,2017-08-17T08:56:21.000Z,,1,http://www.petsworld.in/blog/wp-content/uploads/2014/09/adorable-cat.jpg,LPUUID804
