moduleId,moduleVersion,contentType,dateCreated,duration,desiredDuration,contentUrl,hasQuiz,completionCriteria,viewPercent,quizData,folder,successCriteria,successQuizData,successPercent
501,1,AICC,2024-10-28T09:56:21.123Z,15,50,Prime.zip,TRUE,QUIZ,,QUIZ_ATTEMPTED,Basics,QUIZ,QUIZ_ATTEMPTED,
502,1,VIDEO,2024-10-28T09:56:21.123Z,20,20,Account.mp4,FALSE,LAUNCH_CONTENT,,,,,,
503,1,PDF,2024-10-28T09:56:21.123Z,15,30,Captivate.pdf,FALSE,VIEW_PERCENT,50,,"Basics,Java",,,
504,1,SCORM12,2024-10-28T09:56:21.123Z,15,10,Prime.zip,TRUE,QUIZ,,QUIZ_PASSED,Basics,VIEW_PERCENT,,60
505,1,SCORM12,2024-10-28T09:56:21.123Z,15, ,Prime.zip,TRUE,VIEWPERCENT_OR_QUIZ,100,QUIZPASSED_OR_LIMITREACHED,"Basics,SQL",,,
506,1,OTHER,2024-07-30T09:56:21.123Z,15,50,gridJqueryGame.zip,TRUE,MARK_COMPLETE,,,,,,