id,certificateName,certificateOverview,description,certificationCreationDate,daysToComplete,validity,externalCertificate,courseOrdering,completionLimit,publishedDate,parentCertificationId,badgeId,thumbnailUrl,uniqueLoId
2,SrikiCerrt1111,Published root certification overview,Published root certification decs,2017-08-17T08:56:21.000Z,30,20,FALSE,,,2017-08-17T08:56:21.000Z,,,badge1.png,CertificateUUID901
3,SrikiCert2222,Published with 2 childs overview,Published with 2 childs desc,2017-08-17T08:56:21.000Z,30,10,FALSE,,,2017-08-17T08:56:21.000Z,,5,badge3.jpg,CertificateUUID902
4,SrikiCerti3333,Child 1 of 3 overview,,2017-08-17T08:56:21.000Z,30,11,FALSE,,,2018-08-17T08:56:21.000Z,3,6,badge11.JFIF,CertificateUUID903
5,VerifyCOmpletion_1111,child 2 of 3 overview,,2017-08-17T08:56:21.000Z,60,12,FALSE,,,2022-08-17T08:56:21.000Z,4,7,http://google.com,CertificateUUID904
6,SrikiCerti5555,Perpetual certificate overview,,2017-08-17T08:56:21.000Z,30,,,,,2017-08-17T08:56:21.000Z,,4,badge10.BMP,CertificateUUID905
7,AmarCertificate6666,Published root certification overview,Published root certification decs,2017-08-17T08:56:21.000Z,30,20,FALSE,,,2017-08-17T08:56:21.000Z,,,badge1.png,CertificateUUID906
8,AmarCertificate7777,Published root certification overview,Published root certification decs,2017-08-17T08:56:21.000Z,30,20,FALSE,,,2017-08-17T08:56:21.000Z,,,badge1.png,CertificateUUID907
9,AmarCertificate8888,Published root certification overview,Published root certification decs,2017-08-17T08:56:21.000Z,30,20,FALSE,,,2017-08-17T08:56:21.000Z,,,badge1.png,CertificateUUID908
10,AmarCertificate9999,Published root certification overview,Published root certification decs,2017-08-17T08:56:21.000Z,30,20,FALSE,,,2017-08-17T08:56:21.000Z,,,badge1.png,CertificateUUID909
11,AmarCertificate10000,Published root certification overview,Published root certification decs,2017-08-17T08:56:21.000Z,30,20,FALSE,,,2017-08-17T08:56:21.000Z,,,badge1.png,CertificateUUID910
