id,courseName,description,courseCreationDate,state,sequential,author,tags,uniqueLoId
1222,Sriki1111,This is the cousre talks about the basics of Captivate Prime,2016-10-12T10:12:11.110Z,Published,TRUE,Author1@xyz.com,Course1,CourseUUID701
1223,Sriki2222,Captivate- Leading  e learning authoring tool,2016-10-12T10:12:11.110Z,Published,FALSE,Author2@xyz.com,Course2,CourseUUID702
1224,Sriki3333,Talks about creating awsome videos without a professional studio set up,2016-10-12T10:12:11.110Z,Published,,Author3,Course3,CourseUUID703
1221,Sriki4444,Code of business conduct-2011,2017-10-12T10:12:11.110Z,Retired,,Author4,Course4,CourseUUID704
1225,Sriki5555,Sample Test Course,2016-10-12T10:12:11.110Z,Published,,Author3,Course5,CourseUUID705
1226,Amar6666,Sample course6 for migration workflow,2016-10-12T10:12:11.110Z,Published,,Author6,Course6,CourseUUID706
1227,Amar7777,Sample course7 for migration workflow,2016-10-12T10:12:11.110Z,Published,,Author7,Course7,CourseUUID707
1228,Amar8888,Sample course8 for migration workflow,2016-10-12T10:12:11.110Z,Published,,Author8,Course8,CourseUUID708
1229,Amar9999,Sample course9 for migration workflow,2016-10-12T10:12:11.110Z,Published,,Author9,Course9,CourseUUID709
1230,Amar1000,Sample course10 for migration workflow,2016-10-12T10:12:11.110Z,Published,,Author10,Course10,CourseUUID710
