id,courseName,description,courseCreationDate,state,sequential,author,thumbnailUrl
1222,Prime Basics,This is the cousre talks about the basics of Captivate Prime,2016-10-12T10:12:11.110Z,Published,TRUE,Author1,badge1.png
1223,Captivate Essentials,Captivate- Leading  e learning authoring tool,2016-10-12T10:12:11.110Z,Published,FALSE,Author2@xyz.com,badge3.jpg
1224,Presenter Video express- An awsome video tool,Talks about creating awsome videos without a professional studio set up,2016-10-12T10:12:11.110Z,Published,,Author3,badge11.JFIF
1221,Code of business conduct-2011,Code of business conduct-2011,2017-10-12T10:12:11.110Z,Retired,,Author4,http://www.petsworld.in/blog/wp-content/uploads/2014/09/adorable-cat.jpg
