id,name,overview,orderEnforced,state,dateAdded,benefits,completionLimit,thumbnailUrl,uniqueLoId
1,SrikiLp1111,demo LP 1,TRUE,Published,2016-08-17T08:56:21.000Z,This have some benefit,3,badge1.png,LPUUID801
2,SrikiLp2222,demo LP 2,TRUE,Published,2017-08-17T08:56:21.000Z,,1,badge3.jpg,LPUUID802
3,SrikiLp3333,demo LP 3,TRUE,Retired,2017-08-17T08:56:21.000Z,this is benefit added,1,badge11.JFIF,LPUUID803
4,SrikiLp4444,demo LP 4- Updated,TRUE,Published,2017-08-17T08:56:21.000Z,Updated ,,http://www.petsworld.in/blog/wp-content/uploads/2014/09/adorable-cat.jpg,LPUUID804
5,AmarLp5555,demo LP 5,TRUE,Published,2016-08-17T08:56:21.000Z,This have some benefit,3,badge1.png,LPUUID805
6,AmarLp6666,demo LP 6,TRUE,Published,2016-08-17T08:56:21.000Z,This have some benefit,3,badge1.png,LPUUID806
7,AmarLp7777,demo LP 7,TRUE,Published,2016-08-17T08:56:21.000Z,This have some benefit,3,badge1.png,LPUUID807
8,AmarLp8888,demo LP 8,TRUE,Published,2016-08-17T08:56:21.000Z,This have some benefit,3,badge1.png,LPUUID808
9,AmarLp9999,demo LP 9,TRUE,Published,2016-08-17T08:56:21.000Z,This have some benefit,3,badge1.png,LPUUID809
