id,moduleType,lastModifiedDate,visibility,title,description,author
303,Self-paced,2017-01-30T09:56:21.123Z,Shared,Prime Basics,"Prime, the modern LMS from Adobe",Author1@xyz.com
304,Self-paced,2017-01-30T09:56:21.123Z,Shared,How to set up an account,Administrator Basics,Author2
305,Self-paced,2017-01-30T09:56:21.123Z,Shared,Captivate-Installation instructions,How to install Captivate on Windows,user3@xyz.com
306,Self-paced,2017-01-30T09:56:21.123Z,Shared,Prime-Test your Knowledge,Ready to test your knowledge,user4@xyz.com
309,Virtual Classroom,2017-01-30T09:56:21.123Z,Shared,Ideal set up to capture a video,PVX -What is required to capture a video,user5@xyz.com
310,Classroom,2017-01-30T09:56:21.123Z,Shared,Captivate Training,Captivate- The e-learning tool,Author2
311,Activity,2017-01-30T09:56:21.123Z,Shared,Publish to Prime,Power of using Captivate with Prime,Author2
312,Self-paced,2010-10-12T10:12:11.110Z,Private,Code of business conduct-2011,Code of business conduct-2011,Author4
