userId,courseId,moduleId,completion,started,success,scoreRaw,scoreMin,scoreMax,duration,startedDate,successDate,completionDate
user2@xyz.com,1222,304,FALSE,TRUE,TRUE,50,10,100,100,2018-05-17T08:56:21.000Z,2018-05-17T08:56:21.000Z,
user3@xyz.com,1223,310,TRUE,TRUE,TRUE,80,30,100,200,2018-07-17T08:56:21.000Z,2018-08-17T08:56:21.000Z,2018-09-17T08:56:21.000Z
user4@xyz.com,1224,309,FALSE,TRUE,FALSE,30,10,100,10,2018-06-17T08:56:21.000Z,,
user5@xyz.com,1223,310,,TRUE,,,,,,2018-10-17T08:56:21.000Z,,
user4@xyz.com,1221,312,FALSE,TRUE,FALSE,30,10,100,  ,2018-06-01T10:12:11.110Z,,
user5@xyz.com,1221,312,TRUE,TRUE,,50,10,100,,2018-10-01T10:12:11.110Z,,2018-11-01T10:12:11.110Z
